Word,Normalized Score,Unique Letter Count,Unique Letters
Yaba,2.197,3,aby
Yabu,2.197,4,abuy
Yacal,2.303,4,acly
Yacare,2.398,5,acery
Yacata,2.398,4,acty
Yachan,2.639,5,achny
Yacht,2.565,5,achty
Yachtdom,2.944,8,acdhmoty
Yachted,2.773,7,acdehty
Yachter,2.708,7,acehrty
Yachters,2.773,8,acehrsty
Yachty,2.833,5,achty
Yachting,2.833,8,acghinty
Yachtings,2.89,9,acghinsty
Yachtist,2.773,7,achisty
Yachtman,2.89,7,achmnty
Yachtmanship,3.296,10,achimnpsty
Yachtmen,2.89,8,acehmnty
Yachts,2.639,6,achsty
Yachtsman,2.944,8,achmnsty
Yachtsmanlike,3.296,12,acehiklmnsty
Yachtsmanship,3.332,10,achimnpsty
Yachtsmen,2.944,9,acehmnsty
Yachtswoman,3.178,10,achmnostwy
Yachtswomen,3.178,11,acehmnostwy
Yack,2.565,4,acky
Yacked,2.773,6,acdeky
Yacking,2.833,7,acgikny
Yacks,2.639,5,acksy
Yad,1.946,3,ady
Yadayim,2.773,5,adimy
Yadava,2.565,4,advy
Yade,2.079,4,adey
Yadim,2.398,5,adimy
Yager,2.197,5,aegry
Yagers,2.303,6,aegrsy
Yaghourt,2.708,8,aghortuy
Yagi,2.079,4,agiy
Yagis,2.197,5,agisy
Yagnob,2.485,6,abgnoy
Yagourundi,2.708,9,adginoruy
Yagua,2.197,4,aguy
Yaguarundi,2.708,8,adginruy
Yaguas,2.303,5,agsuy
Yaguaza,2.996,5,aguyz
Yah,2.197,3,ahy
Yahan,2.398,4,ahny
Yahgan,2.565,5,aghny
Yahganan,2.708,5,aghny
Yahrzeit,3.135,8,aehirtyz
Yahrzeits,3.178,9,aehirstyz
Yahuna,2.485,5,ahnuy
Yahuskin,2.89,8,ahiknsuy
Yahveh,2.89,5,aehvy
Yahweh,2.89,5,aehwy
Yahwism,2.89,7,ahimswy
Yahwist,2.773,7,ahistwy
Yahwistic,2.996,8,achistwy
Yay,2.197,2,ay
Yaya,2.303,2,ay
Yair,1.946,4,airy
Yaird,2.197,5,adiry
Yairds,2.303,6,adirsy
Yaje,2.639,4,aejy
Yajein,2.773,6,aeijny
Yajeine,2.833,6,aeijny
Yajenin,2.833,6,aeijny
Yajenine,2.89,6,aeijny
Yajna,2.708,4,ajny
Yajnavalkya,3.434,7,ajklnvy
Yajnopavita,3.258,9,aijnoptvy
Yak,2.303,3,aky
Yaka,2.398,3,aky
Yakala,2.565,4,akly
Yakalo,2.565,5,akloy
Yakamik,2.996,5,aikmy
Yakan,2.485,4,akny
Yakima,2.708,5,aikmy
Yakin,2.485,5,aikny
Yakitori,2.708,7,aikorty
Yakitoris,2.773,8,aikorsty
Yakmak,2.944,4,akmy
Yakman,2.708,5,akmny
Yakona,2.565,5,aknoy
Yakonan,2.639,5,aknoy
Yaks,2.398,4,aksy
Yaksha,2.773,5,ahksy
Yakshi,2.773,6,ahiksy
Yakut,2.485,5,aktuy
Yakutat,2.639,5,aktuy
Yalb,2.197,4,ably
Yald,2.079,4,adly
Yale,1.946,4,aely
Yalensian,2.485,7,aeilnsy
Yali,1.946,4,aily
Yam,2.079,3,amy
Yamacraw,2.89,6,acmrwy
Yamalka,2.773,5,aklmy
Yamalkas,2.833,6,aklmsy
Yamamadi,2.773,5,adimy
Yamamai,2.639,4,aimy
Yamanai,2.485,5,aimny
Yamaskite,2.89,8,aeikmsty
Yamato,2.398,5,amoty
Yamel,2.303,5,aelmy
Yamen,2.303,5,aemny
Yamens,2.398,6,aemnsy
Yameo,2.303,5,aemoy
Yamilke,2.773,7,aeiklmy
Yamp,2.398,4,ampy
Yampa,2.485,4,ampy
Yamph,2.708,5,ahmpy
Yams,2.197,4,amsy
Yamshik,2.944,7,ahikmsy
Yamstchick,3.258,9,achikmsty
Yamstchik,3.135,9,achikmsty
Yamulka,2.773,6,aklmuy
Yamulkas,2.833,7,aklmsuy
Yamun,2.303,5,amnuy
Yamuns,2.398,6,amnsuy
Yan,1.792,3,any
Yana,1.946,3,any
Yanacona,2.565,5,acnoy
Yanan,2.079,3,any
Yancopin,2.708,7,acinopy
Yander,2.303,6,adenry
Yang,2.079,4,agny
Yangs,2.197,5,agnsy
Yangtao,2.398,6,agnoty
Yangtze,2.996,7,aegntyz
Yank,2.398,4,akny
Yanked,2.639,6,adekny
Yanker,2.565,6,aeknry
Yanky,2.708,4,akny
Yanking,2.708,6,agikny
Yanks,2.485,5,aknsy
Yankton,2.639,6,aknoty
Yanktonai,2.773,7,aiknoty
Yanolite,2.398,8,aeilnoty
Yanqui,2.89,6,ainquy
Yanquis,2.944,7,ainqsuy
Yantra,2.197,5,anrty
Yantras,2.303,6,anrsty
Yao,1.792,3,aoy
Yaourt,2.197,6,aortuy
Yaourti,2.303,7,aiortuy
Yap,2.079,3,apy
Yapa,2.197,3,apy
Yaply,2.565,4,alpy
Yapman,2.565,5,amnpy
Yapock,2.833,6,ackopy
Yapocks,2.89,7,ackopsy
Yapok,2.639,5,akopy
Yapoks,2.708,6,akopsy
Yapon,2.303,5,anopy
Yapons,2.398,6,anopsy
Yaps,2.197,4,apsy
Yapster,2.485,7,aeprsty
Yaqona,2.89,5,anoqy
Yaqui,2.833,5,aiquy
Yaquina,2.944,6,ainquy
Yar,1.792,3,ary
Yaray,2.398,3,ary
Yarak,2.485,4,akry
Yarb,2.197,4,abry
Yarborough,2.944,8,abghoruy
Yard,2.079,4,adry
Yardage,2.485,6,adegry
Yardages,2.565,7,adegrsy
Yardang,2.485,6,adgnry
Yardarm,2.565,5,admry
Yardarms,2.639,6,admrsy
Yardbird,2.708,6,abdiry
Yardbirds,2.773,7,abdirsy
Yarded,2.398,5,adery
Yarder,2.303,5,adery
Yardful,2.639,7,adflruy
Yarding,2.485,7,adginry
Yardland,2.565,6,adlnry
Yardlands,2.639,7,adlnrsy
Yardman,2.565,6,admnry
Yardmaster,2.773,8,ademrsty
Yardmasters,2.833,8,ademrsty
Yardmen,2.565,7,ademnry
Yards,2.197,5,adrsy
Yardsman,2.639,7,admnrsy
Yardstick,2.944,9,acdikrsty
Yardsticks,2.996,9,acdikrsty
Yardwand,2.773,6,adnrwy
Yardwands,2.833,7,adnrswy
Yardwork,2.944,7,adkorwy
Yardworks,2.996,8,adkorswy
Yare,1.946,4,aery
Yarely,2.485,5,aelry
Yarer,2.079,4,aery
Yarest,2.197,6,aersty
Yareta,2.197,5,aerty
Yariyari,2.639,4,airy
Yark,2.398,4,akry
Yarkand,2.708,6,adknry
Yarke,2.485,5,aekry
Yarl,1.946,4,alry
Yarly,2.398,4,alry
Yarm,2.197,4,amry
Yarmalke,2.833,7,aeklmry
Yarmelke,2.833,7,aeklmry
Yarmelkes,2.89,8,aeklmrsy
Yarmouth,2.773,8,ahmortuy
Yarmulka,2.833,7,aklmruy
Yarmulke,2.833,8,aeklmruy
Yarmulkes,2.89,9,aeklmrsuy
Yarn,1.946,4,anry
Yarned,2.303,6,adenry
Yarnen,2.197,5,aenry
Yarner,2.197,5,aenry
Yarners,2.303,6,aenrsy
Yarning,2.398,6,aginry
Yarns,2.079,5,anrsy
Yarnwindle,2.833,9,adeilnrwy
Yarovization,3.296,9,ainortvyz
Yarovize,3.135,8,aeiorvyz
Yarovized,3.219,9,adeiorvyz
Yarovizing,3.258,9,aginorvyz
Yarpha,2.639,5,ahpry
Yarth,2.398,5,ahrty
Yarthen,2.565,7,aehnrty
Yaru,1.946,4,aruy
Yarura,2.197,4,aruy
Yaruran,2.303,5,anruy
Yaruro,2.197,5,aoruy
Yarwhelp,2.944,8,aehlprwy
Yarwhip,2.89,7,ahiprwy
Yas,1.792,3,asy
Yashiro,2.565,7,ahiorsy
Yashmac,2.833,6,achmsy
Yashmacs,2.89,6,achmsy
Yashmak,2.944,6,ahkmsy
Yashmaks,2.996,6,ahkmsy
Yasht,2.398,5,ahsty
Yasmak,2.708,5,akmsy
Yasmaks,2.773,5,akmsy
Yasna,2.079,4,ansy
Yat,1.792,3,aty
Yatagan,2.398,5,agnty
Yatagans,2.485,6,agnsty
Yataghan,2.708,6,aghnty
Yataghans,2.773,7,aghnsty
Yatalite,2.398,6,aeilty
Yate,1.946,4,aety
Yati,1.946,4,aity
Yatigan,2.398,6,aginty
Yatvyag,2.833,5,agtvy
Yauapery,2.773,6,aepruy
Yaud,2.079,4,aduy
Yauds,2.197,5,adsuy
Yauld,2.197,5,adluy
Yaup,2.197,4,apuy
Yauped,2.485,6,adepuy
Yauper,2.398,6,aepruy
Yaupers,2.485,7,aeprsuy
Yauping,2.565,7,aginpuy
Yaupon,2.398,6,anopuy
Yaupons,2.485,7,anopsuy
Yaups,2.303,5,apsuy
Yautia,2.197,5,aituy
Yautias,2.303,6,aistuy
Yava,2.303,3,avy
Yavapai,2.708,5,aipvy
Yaw,2.197,3,awy
Yawed,2.485,5,adewy
Yawey,2.639,4,aewy
Yawy,2.565,3,awy
Yawing,2.565,6,aginwy
Yawl,2.303,4,alwy
Yawled,2.565,6,adelwy
Yawler,2.485,6,aelrwy
Yawling,2.639,7,agilnwy
Yawls,2.398,5,alswy
Yawlsman,2.773,7,almnswy
Yawmeter,2.773,7,aemrtwy
Yawmeters,2.833,8,aemrstwy
Yawn,2.303,4,anwy
Yawned,2.565,6,adenwy
Yawney,2.708,5,aenwy
Yawner,2.485,6,aenrwy
Yawners,2.565,7,aenrswy
Yawnful,2.773,7,aflnuwy
Yawny,2.639,4,anwy
Yawnily,2.773,6,ailnwy
Yawning,2.639,6,aginwy
Yawningly,2.944,7,agilnwy
Yawns,2.398,5,answy
Yawnups,2.708,7,anpsuwy
Yawp,2.485,4,apwy
Yawped,2.708,6,adepwy
Yawper,2.639,6,aeprwy
Yawpers,2.708,7,aeprswy
Yawping,2.773,7,aginpwy
Yawpings,2.833,8,aginpswy
Yawps,2.565,5,apswy
Yaws,2.303,4,aswy
Yawshrub,2.944,8,abhrsuwy
Yaxche,3.045,6,acehxy
Yazata,2.89,4,atyz
Yazdegerdian,3.296,9,adeginryz
Yblent,2.398,6,belnty
Ycie,2.197,4,ceiy
Yclad,2.398,5,acdly
Ycleped,2.708,6,cdelpy
Ycleping,2.773,8,cegilnpy
Yclept,2.565,6,celpty
Yday,2.398,3,ady
Yds,1.946,3,dsy
Yea,1.792,3,aey
Yeah,2.303,4,aehy
Yealing,2.398,7,aegilny
Yealings,2.485,8,aegilnsy
Yean,1.946,4,aeny
Yeaned,2.303,5,adeny
Yeaning,2.398,6,aeginy
Yeanling,2.485,7,aegilny
Yeanlings,2.565,8,aegilnsy
Yeans,2.079,5,aensy
Yeaoman,2.485,6,aemnoy
Year,1.946,4,aery
Yeara,2.079,4,aery
Yearbird,2.639,7,abdeiry
Yeard,2.197,5,adery
Yearday,2.639,5,adery
Yeared,2.303,5,adery
Yearend,2.398,6,adenry
Yearends,2.485,7,adenrsy
Yearful,2.565,7,aeflruy
Yearly,2.485,5,aelry
Yearlies,2.398,7,aeilrsy
Yearling,2.485,8,aegilnry
Yearlings,2.565,9,aegilnrsy
Yearlong,2.485,8,aeglnory
Yearn,2.079,5,aenry
Yearned,2.398,6,adenry
Yearner,2.303,5,aenry
Yearners,2.398,6,aenrsy
Yearnful,2.639,8,aeflnruy
Yearning,2.485,7,aeginry
Yearningly,2.833,8,aegilnry
Yearnings,2.565,8,aeginrsy
Yearnling,2.565,8,aegilnry
Yearns,2.197,6,aenrsy
Yearock,2.773,7,acekory
Years,2.079,5,aersy
Yearth,2.485,6,aehrty
Yeas,1.946,4,aesy
Yeasayer,2.639,5,aersy
Yeasayers,2.708,5,aersy
Yeast,2.079,5,aesty
Yeasted,2.398,6,adesty
Yeasty,2.485,5,aesty
Yeastier,2.398,7,aeirsty
Yeastiest,2.485,6,aeisty
Yeastily,2.639,7,aeilsty
Yeasting,2.485,8,aeginsty
Yeastlike,2.773,8,aeiklsty
Yeasts,2.197,5,aesty
Yeat,1.946,4,aety
Yeather,2.565,6,aehrty
Yech,2.485,4,cehy
Yechy,2.773,4,cehy
Yechs,2.565,5,cehsy
Yed,1.946,3,dey
Yede,2.079,3,dey
Yederly,2.639,5,delry
Yeguita,2.398,7,aegituy
Yeh,2.197,3,ehy
Yeld,2.079,4,dely
Yeldrin,2.398,7,deilnry
Yeldrine,2.485,7,deilnry
Yeldring,2.565,8,degilnry
Yeldrock,2.89,8,cdeklory
Yelek,2.485,4,ekly
Yelk,2.398,4,ekly
Yelks,2.485,5,eklsy
Yelm,2.197,4,elmy
Yelmer,2.398,5,elmry
Yelp,2.197,4,elpy
Yelped,2.485,5,delpy
Yelper,2.398,5,elpry
Yelpers,2.485,6,elprsy
Yelping,2.565,7,egilnpy
Yelps,2.303,5,elpsy
Yelt,1.946,4,elty
Yelver,2.485,5,elrvy
Yemen,2.303,4,emny
Yemeni,2.398,5,eimny
Yemenic,2.639,6,ceimny
Yemenite,2.565,6,eimnty
Yemenites,2.639,7,eimnsty
Yeming,2.485,6,egimny
Yemschik,3.091,8,cehikmsy
Yemsel,2.398,5,elmsy
Yen,1.792,3,eny
Yender,2.303,5,denry
Yeni,1.946,4,einy
Yenisei,2.303,5,einsy
Yeniseian,2.485,6,aeinsy
Yenite,2.197,5,einty
Yens,1.946,4,ensy
Yenta,2.079,5,aenty
Yentas,2.197,6,aensty
Yente,2.079,4,enty
Yentes,2.197,5,ensty
Yentnite,2.398,5,einty
Yeo,1.792,3,eoy
Yeom,2.197,4,emoy
Yeoman,2.398,6,aemnoy
Yeomanly,2.773,7,aelmnoy
Yeomanlike,2.944,9,aeiklmnoy
Yeomanry,2.773,7,aemnory
Yeomanries,2.708,9,aeimnorsy
Yeomanwise,2.89,9,aeimnoswy
Yeomen,2.398,5,emnoy
Yeorling,2.485,8,egilnory
Yeowoman,2.773,7,aemnowy
Yeowomen,2.773,6,emnowy
Yep,2.079,3,epy
Yepeleic,2.708,6,ceilpy
Yepely,2.639,4,elpy
Yephede,2.773,5,dehpy
Yeply,2.565,4,elpy
Yer,1.792,3,ery
Yerava,2.485,5,aervy
Yeraver,2.565,5,aervy
Yerb,2.197,4,bery
Yerba,2.303,5,abery
Yerbal,2.398,6,abelry
Yerbales,2.565,7,abelrsy
Yerbas,2.398,6,abersy
Yercum,2.565,6,cemruy
Yerd,2.079,4,dery
Yere,1.946,3,ery
Yerga,2.197,5,aegry
Yerk,2.398,4,ekry
Yerked,2.639,5,dekry
Yerking,2.708,7,egiknry
Yerks,2.485,5,ekrsy
Yern,1.946,4,enry
Yertchuk,2.996,8,cehkrtuy
Yerth,2.398,5,ehrty
Yerva,2.398,5,aervy
Yes,1.792,3,esy
Yese,1.946,3,esy
Yeses,2.079,3,esy
Yeshibah,2.944,7,abehisy
Yeshiva,2.773,7,aehisvy
Yeshivah,2.996,7,aehisvy
Yeshivahs,3.045,7,aehisvy
Yeshivas,2.833,7,aehisvy
Yeshivot,2.833,8,ehiostvy
Yeshivoth,3.045,8,ehiostvy
Yeso,1.946,4,eosy
Yest,1.946,4,esty
Yester,2.197,5,ersty
Yesterday,2.773,7,adersty
Yesterdays,2.833,7,adersty
Yestereve,2.708,6,erstvy
Yestereven,2.773,7,enrstvy
Yesterevening,2.996,9,eginrstvy
Yesteryear,2.773,6,aersty
Yesteryears,2.833,6,aersty
Yestermorn,2.708,8,emnorsty
Yestermorning,2.944,10,egimnorsty
Yestern,2.303,6,enrsty
Yesternight,2.89,9,eghinrsty
Yesty,2.398,4,esty
Yet,1.792,3,ety
Yeta,1.946,4,aety
Yetapa,2.398,5,aepty
Yeth,2.303,4,ehty
Yether,2.485,5,ehrty
Yeti,1.946,4,eity
Yetis,2.079,5,eisty
Yetlin,2.197,6,eilnty
Yetling,2.398,7,egilnty
Yetzer,2.89,5,ertyz
Yeuk,2.398,4,ekuy
Yeuked,2.639,5,dekuy
Yeuky,2.708,4,ekuy
Yeuking,2.708,7,egiknuy
Yeuks,2.485,5,eksuy
Yeven,2.398,4,envy
Yew,2.197,3,ewy
Yews,2.303,4,eswy
Yex,2.565,3,exy
Yez,2.708,3,eyz
Yezdi,2.89,5,deiyz
Yezidi,2.944,5,deiyz
Yfacks,2.89,6,acfksy
Yfere,2.398,4,efry
Ygapo,2.398,5,agopy
Ygerne,2.303,5,egnry
Yhwh,2.773,3,hwy
Yid,1.946,3,diy
Yids,2.079,4,disy
Yield,2.197,5,deily
Yieldable,2.708,7,abdeily
Yieldance,2.708,8,acdeilny
Yielded,2.485,5,deily
Yielden,2.398,6,deilny
Yielder,2.398,6,deilry
Yielders,2.485,7,deilrsy
Yieldy,2.565,5,deily
Yielding,2.565,7,degilny
Yieldingly,2.89,7,degilny
Yields,2.303,6,deilsy
Yigh,2.398,4,ghiy
Yike,2.398,4,eiky
Yikes,2.485,5,eiksy
Yikirgaulit,2.944,9,agiklrtuy
Yildun,2.303,6,dilnuy
Yilt,1.946,4,ilty
Yin,1.792,3,iny
Yince,2.303,5,ceiny
Yins,1.946,4,insy
Yinst,2.079,5,insty
Yip,2.079,3,ipy
Yipe,2.197,4,eipy
Yipes,2.303,5,eipsy
Yips,2.197,4,ipsy
Yird,2.079,4,diry
Yirds,2.197,5,dirsy
Yirk,2.398,4,ikry
Yirm,2.197,4,imry
Yirmilik,2.833,6,iklmry
Yirn,1.946,4,inry
Yirth,2.398,5,hirty
Yirths,2.485,6,hirsty
Yis,1.792,3,isy
Yite,1.946,4,eity
Yizkor,3.091,6,ikoryz
Ylem,2.197,4,elmy
Ylems,2.303,5,elmsy
Ymca,2.398,4,acmy
Ynambu,2.565,6,abmnuy
Yob,2.079,3,boy
Yobi,2.197,4,bioy
Yobs,2.197,4,bosy
Yochel,2.639,6,cehloy
Yock,2.565,4,ckoy
Yocked,2.773,6,cdekoy
Yockel,2.708,6,cekloy
Yockernut,2.89,9,ceknortuy
Yocking,2.833,7,cgiknoy
Yocks,2.639,5,ckosy
Yod,1.946,3,doy
Yode,2.079,4,deoy
Yodel,2.197,5,deloy
Yodeled,2.485,5,deloy
Yodeler,2.398,6,delory
Yodelers,2.485,7,delorsy
Yodeling,2.565,8,degilnoy
Yodelist,2.485,8,deilosty
Yodels,2.303,6,delosy
Yodh,2.398,4,dhoy
Yodhs,2.485,5,dhosy
Yodle,2.197,5,deloy
Yodled,2.398,5,deloy
Yodler,2.303,6,delory
Yodlers,2.398,7,delorsy
Yodles,2.303,6,delosy
Yodling,2.485,7,dgilnoy
Yods,2.079,4,dosy
Yoe,1.792,3,eoy
Yoga,2.079,4,agoy
Yogas,2.197,5,agosy
Yogasana,2.485,6,agnosy
Yogh,2.398,4,ghoy
Yoghourt,2.708,7,ghortuy
Yoghourts,2.773,8,ghorstuy
Yoghs,2.485,5,ghosy
Yoghurt,2.639,7,ghortuy
Yoghurts,2.708,8,ghorstuy
Yogi,2.079,4,gioy
Yogic,2.398,5,cgioy
Yogin,2.197,5,ginoy
Yogini,2.303,5,ginoy
Yoginis,2.398,6,ginosy
Yogins,2.303,6,ginosy
Yogis,2.197,5,giosy
Yogism,2.485,6,gimosy
Yogist,2.303,6,giosty
Yogoite,2.398,6,egioty
Yogurt,2.303,6,gortuy
Yogurts,2.398,7,gorstuy
Yohimbe,2.833,7,behimoy
Yohimbenine,3.045,8,behimnoy
Yohimbi,2.833,6,bhimoy
Yohimbin,2.89,7,bhimnoy
Yohimbine,2.944,8,behimnoy
Yohimbinization,3.526,10,abhimnotyz
Yohimbinize,3.401,9,behimnoyz
Yoho,2.303,3,hoy
Yohourt,2.565,6,hortuy
Yoi,1.792,3,ioy
Yoy,2.197,2,oy
Yoick,2.639,5,cikoy
Yoicks,2.708,6,cikosy
Yoyo,2.303,2,oy
Yojan,2.708,5,ajnoy
Yojana,2.773,5,ajnoy
Yojuane,2.833,7,aejnouy
Yok,2.303,3,koy
Yokage,2.639,6,aegkoy
Yoke,2.398,4,ekoy
Yokeable,2.833,7,abekloy
Yokeage,2.708,6,aegkoy
Yoked,2.565,5,dekoy
Yokel,2.485,5,ekloy
Yokeldom,2.89,7,deklmoy
Yokelish,2.89,8,ehiklosy
Yokelism,2.833,8,eiklmosy
Yokelry,2.833,6,eklory
Yokels,2.565,6,eklosy
Yokemate,2.833,7,aekmoty
Yokemates,2.89,8,aekmosty
Yokemating,2.996,10,aegikmnoty
Yoker,2.485,5,ekory
Yokes,2.485,5,ekosy
Yokewise,2.89,7,eikoswy
Yoky,2.639,3,koy
Yoking,2.639,6,giknoy
Yokohama,2.996,6,ahkmoy
Yokozuna,3.178,7,aknouyz
Yokozunas,3.219,8,aknosuyz
Yoks,2.398,4,kosy
Yokuts,2.565,6,kostuy
Yolden,2.303,6,delnoy
Yoldia,2.303,6,adiloy
Yoldring,2.565,8,dgilnory
Yolk,2.398,4,kloy
Yolked,2.639,6,dekloy
Yolky,2.708,4,kloy
Yolkier,2.639,7,eiklory
Yolkiest,2.708,8,eiklosty
Yolks,2.485,5,klosy
Yom,2.079,3,moy
Yomer,2.303,5,emory
Yomim,2.485,4,imoy
Yomin,2.303,5,imnoy
Yomud,2.398,5,dmouy
Yon,1.792,3,noy
Yoncopin,2.708,6,cinopy
Yond,2.079,4,dnoy
Yonder,2.303,6,denory
Yondmost,2.639,7,dmnosty
Yondward,2.773,7,adnorwy
Yoni,1.946,4,inoy
Yonic,2.303,5,cinoy
Yonis,2.079,5,inosy
Yonker,2.565,6,eknory
Yonkers,2.639,7,eknorsy
Yonside,2.398,7,deinosy
Yont,1.946,4,noty
Yor,1.792,3,ory
Yore,1.946,4,eory
Yores,2.079,5,eorsy
Yoretime,2.565,7,eimorty
York,2.398,4,kory
Yorker,2.565,5,ekory
Yorkers,2.639,6,ekorsy
Yorkish,2.833,7,hikorsy
Yorkist,2.639,7,ikorsty
Yorkshire,2.944,8,ehikorsy
Yorkshireism,3.178,9,ehikmorsy
Yorkshireman,3.178,11,aehikmnorsy
Yorlin,2.197,6,ilnory
Yoruba,2.398,6,aboruy
Yoruban,2.485,7,abnoruy
Yosemite,2.565,7,eimosty
Yot,1.792,3,oty
Yotacism,2.708,8,acimosty
Yotacize,3.091,8,aceiotyz
Yote,1.946,4,eoty
You,1.792,3,ouy
Youd,2.079,4,douy
Youden,2.303,6,denouy
Youdendrift,2.944,10,definortuy
Youdith,2.639,7,dhiotuy
Youl,1.946,4,louy
Young,2.197,5,gnouy
Younger,2.398,7,egnoruy
Youngers,2.485,8,egnorsuy
Youngest,2.485,8,egnostuy
Younghearted,2.996,11,adeghnortuy
Youngish,2.708,8,ghinosuy
Younglet,2.485,8,eglnotuy
Youngly,2.639,6,glnouy
Youngling,2.639,7,gilnouy
Younglings,2.708,8,gilnosuy
Youngs,2.303,6,gnosuy
Youngster,2.565,9,egnorstuy
Youngsters,2.639,9,egnorstuy
Youngstown,2.833,8,gnostuwy
Youngth,2.639,7,ghnotuy
Youngun,2.398,5,gnouy
Younker,2.639,7,eknoruy
Younkers,2.708,8,eknorsuy
Youp,2.197,4,opuy
Youpon,2.398,5,nopuy
Youpons,2.485,6,nopsuy
Your,1.946,4,oruy
Youre,2.079,5,eoruy
Yourn,2.079,5,noruy
Yours,2.079,5,orsuy
Yoursel,2.303,7,elorsuy
Yourself,2.639,8,eflorsuy
Yourselves,2.773,8,elorsuvy
Yourt,2.079,5,ortuy
Yous,1.946,4,osuy
Youse,2.079,5,eosuy
Youstir,2.303,7,iorstuy
Youth,2.398,5,hotuy
Youthen,2.565,7,ehnotuy
Youthened,2.773,8,dehnotuy
Youthening,2.833,9,eghinotuy
Youthens,2.639,8,ehnostuy
Youthes,2.565,7,ehostuy
Youthful,2.833,7,fhlotuy
Youthy,2.708,5,hotuy
Youthily,2.833,7,hilotuy
Youthly,2.773,6,hlotuy
Youthlike,2.944,9,ehiklotuy
Youths,2.485,6,hostuy
Youthsome,2.833,8,ehmostuy
Youthtide,2.773,8,dehiotuy
Youthwort,2.89,7,hortuwy
Youve,2.398,5,eouvy
Youward,2.639,7,adoruwy
Youwards,2.708,8,adorsuwy
Youze,2.833,5,eouyz
Yoven,2.398,5,enovy
Yow,2.197,3,owy
Yowden,2.565,6,denowy
Yowe,2.303,4,eowy
Yowed,2.485,5,deowy
Yowes,2.398,5,eoswy
Yowie,2.398,5,eiowy
Yowies,2.485,6,eioswy
Yowing,2.565,6,ginowy
Yowl,2.303,4,lowy
Yowled,2.565,6,delowy
Yowley,2.708,5,elowy
Yowler,2.485,6,elorwy
Yowlers,2.565,7,elorswy
Yowling,2.639,7,gilnowy
Yowlring,2.708,8,gilnorwy
Yowls,2.398,5,loswy
Yows,2.303,4,oswy
Yowt,2.303,4,otwy
Yox,2.565,3,oxy
Yperite,2.485,6,eiprty
Yperites,2.565,7,eiprsty
Ypocras,2.639,7,acoprsy
Yponomeuta,2.833,9,aemnoptuy
Yponomeutid,2.944,10,deimnoptuy
Yponomeutidae,3.045,11,adeimnoptuy
Ypsiliform,2.996,9,filmoprsy
Ypsiloid,2.639,7,dilopsy
Ypurinan,2.565,7,ainpruy
Yquem,2.944,5,emquy
Yrbk,2.565,4,bkry
Yrs,1.792,3,rsy
Yuan,1.946,4,anuy
Yuans,2.079,5,ansuy
Yuapin,2.398,6,ainpuy
Yuca,2.197,4,acuy
Yucatec,2.639,6,acetuy
Yucatecan,2.773,7,acentuy
Yucateco,2.708,7,aceotuy
Yuch,2.485,4,chuy
Yuchi,2.565,5,chiuy
Yuck,2.565,4,ckuy
Yucked,2.773,6,cdekuy
Yuckel,2.708,6,cekluy
Yucker,2.708,6,cekruy
Yucky,2.833,4,ckuy
Yuckier,2.773,7,ceikruy
Yuckiest,2.833,8,ceikstuy
Yucking,2.833,7,cgiknuy
Yuckle,2.708,6,cekluy
Yucks,2.639,5,cksuy
Yuechi,2.639,6,cehiuy
Yuft,2.303,4,ftuy
Yug,1.946,3,guy
Yuga,2.079,4,aguy
Yugada,2.398,5,adguy
Yugas,2.197,5,agsuy
Yugoslav,2.708,8,aglosuvy
Yugoslavia,2.833,9,agilosuvy
Yugoslavian,2.89,10,agilnosuvy
Yugoslavians,2.944,10,agilnosuvy
Yugoslavic,2.944,10,acgilosuvy
Yugoslavs,2.773,8,aglosuvy
Yuh,2.197,3,huy
Yuit,1.946,4,ituy
Yuk,2.303,3,kuy
Yukaghir,2.944,8,aghikruy
Yukata,2.565,5,aktuy
Yuke,2.398,4,ekuy
Yuki,2.398,4,ikuy
Yukian,2.565,6,aiknuy
Yukon,2.485,5,knouy
Yuks,2.398,4,ksuy
Yulan,2.079,5,alnuy
Yulans,2.197,6,alnsuy
Yule,1.946,4,eluy
Yuleblock,2.996,8,bceklouy
Yules,2.079,5,elsuy
Yuletide,2.485,7,deiltuy
Yuletides,2.565,8,deilstuy
Yum,2.079,3,muy
Yuma,2.197,4,amuy
Yuman,2.303,5,amnuy
Yun,1.792,3,nuy
Yunca,2.303,5,acnuy
Yuncan,2.398,5,acnuy
Yungan,2.303,5,agnuy
Yunker,2.565,6,eknruy
Yup,2.079,3,puy
Yupon,2.303,5,nopuy
Yupons,2.398,6,nopsuy
Yurak,2.485,5,akruy
Yurok,2.485,5,koruy
Yurt,1.946,4,rtuy
Yurta,2.079,5,artuy
Yurts,2.079,5,rstuy
Yurucare,2.565,6,aceruy
Yurucarean,2.708,7,acenruy
Yurucari,2.565,6,aciruy
Yurujure,2.89,5,ejruy
Yuruk,2.485,4,kruy
Yuruna,2.197,5,anruy
Yurupary,2.773,5,apruy
Yus,1.792,3,suy
Yusdrum,2.565,6,dmrsuy
Yustaga,2.398,6,agstuy
Yutu,1.946,3,tuy
Yuzlik,3.091,6,ikluyz
Yuzluk,3.091,5,kluyz
Ywca,2.485,4,acwy
Ywis,2.303,4,iswy
